{"metadata":{"kernel_spec":{"name":"SQL","language":"sql","display_name":"SQL"},"language_info":{"name":"sql","version":""}},"nbformat":4,"nbformat_minor":2,"cells":[{"cell_type":"markdown","source":["# [dbo].[__EFMigrationsHistory]"],"metadata":{"urn":"Server[@Name='DESKTOP-2UL7996']/Database[@Name='VinceSweetsDB']/Table[@Name='__EFMigrationsHistory' and @Schema='dbo']","object_type":"Table"}},{"outputs":[],"execution_count":0,"cell_type":"code","source":["USE [VinceSweetsDB]\r\n","GO\r\n"],"metadata":{"urn":"Server[@Name='DESKTOP-2UL7996']/Database[@Name='VinceSweetsDB']/Table[@Name='__EFMigrationsHistory' and @Schema='dbo']","object_type":"Table"}},{"outputs":[],"execution_count":0,"cell_type":"code","source":["/****** Object:  Table [dbo].[__EFMigrationsHistory]    Script Date: 1/6/2026 3:59:25 PM ******/\r\nSET ANSI_NULLS ON\r\n","GO\r\n","SET QUOTED_IDENTIFIER ON\r\n","GO\r\n","CREATE TABLE [dbo].[__EFMigrationsHistory](\r\n\t[MigrationId] [nvarchar](150) NOT NULL,\r\n\t[ProductVersion] [nvarchar](32) NOT NULL,\r\n CONSTRAINT [PK___EFMigrationsHistory] PRIMARY KEY CLUSTERED \r\n(\r\n\t[MigrationId] ASC\r\n)WITH (PAD_INDEX = OFF, STATISTICS_NORECOMPUTE = OFF, IGNORE_DUP_KEY = OFF, ALLOW_ROW_LOCKS = ON, ALLOW_PAGE_LOCKS = ON, OPTIMIZE_FOR_SEQUENTIAL_KEY = OFF) ON [PRIMARY]\r\n) ON [PRIMARY]\r\nGO\r\n"],"metadata":{"urn":"Server[@Name='DESKTOP-2UL7996']/Database[@Name='VinceSweetsDB']/Table[@Name='__EFMigrationsHistory' and @Schema='dbo']","object_type":"Table"}},{"cell_type":"markdown","source":["# [dbo].[Categories]"],"metadata":{"urn":"Server[@Name='DESKTOP-2UL7996']/Database[@Name='VinceSweetsDB']/Table[@Name='Categories' and @Schema='dbo']","object_type":"Table"}},{"outputs":[],"execution_count":0,"cell_type":"code","source":["/****** Object:  Table [dbo].[Categories]    Script Date: 1/6/2026 3:59:25 PM ******/\r\nSET ANSI_NULLS ON\r\n","GO\r\n","SET QUOTED_IDENTIFIER ON\r\n","GO\r\n","CREATE TABLE [dbo].[Categories](\r\n\t[Id] [int] IDENTITY(1,1) NOT NULL,\r\n\t[Name] [nvarchar](100) NOT NULL,\r\n CONSTRAINT [PK__Categori__3214EC07B789A350] PRIMARY KEY CLUSTERED \r\n(\r\n\t[Id] ASC\r\n)WITH (PAD_INDEX = OFF, STATISTICS_NORECOMPUTE = OFF, IGNORE_DUP_KEY = OFF, ALLOW_ROW_LOCKS = ON, ALLOW_PAGE_LOCKS = ON, OPTIMIZE_FOR_SEQUENTIAL_KEY = OFF) ON [PRIMARY]\r\n) ON [PRIMARY]\r\nGO\r\n"],"metadata":{"urn":"Server[@Name='DESKTOP-2UL7996']/Database[@Name='VinceSweetsDB']/Table[@Name='Categories' and @Schema='dbo']","object_type":"Table"}},{"cell_type":"markdown","source":["# [dbo].[OrderDetails]"],"metadata":{"urn":"Server[@Name='DESKTOP-2UL7996']/Database[@Name='VinceSweetsDB']/Table[@Name='OrderDetails' and @Schema='dbo']","object_type":"Table"}},{"outputs":[],"execution_count":0,"cell_type":"code","source":["/****** Object:  Table [dbo].[OrderDetails]    Script Date: 1/6/2026 3:59:25 PM ******/\r\nSET ANSI_NULLS ON\r\n","GO\r\n","SET QUOTED_IDENTIFIER ON\r\n","GO\r\n","CREATE TABLE [dbo].[OrderDetails](\r\n\t[Id] [int] IDENTITY(1,1) NOT NULL,\r\n\t[OrderId] [int] NOT NULL,\r\n\t[ProductId] [int] NOT NULL,\r\n\t[ProductName] [nvarchar](100) NOT NULL,\r\n\t[Quantity] [int] NOT NULL,\r\n\t[Price] [decimal](18, 0) NOT NULL,\r\n\t[IsServed] [bit] NOT NULL,\r\n CONSTRAINT [PK__OrderDet__3214EC07875E3983] PRIMARY KEY CLUSTERED \r\n(\r\n\t[Id] ASC\r\n)WITH (PAD_INDEX = OFF, STATISTICS_NORECOMPUTE = OFF, IGNORE_DUP_KEY = OFF, ALLOW_ROW_LOCKS = ON, ALLOW_PAGE_LOCKS = ON, OPTIMIZE_FOR_SEQUENTIAL_KEY = OFF) ON [PRIMARY]\r\n) ON [PRIMARY]\r\nGO\r\n"],"metadata":{"urn":"Server[@Name='DESKTOP-2UL7996']/Database[@Name='VinceSweetsDB']/Table[@Name='OrderDetails' and @Schema='dbo']","object_type":"Table"}},{"cell_type":"markdown","source":["# [dbo].[Orders]"],"metadata":{"urn":"Server[@Name='DESKTOP-2UL7996']/Database[@Name='VinceSweetsDB']/Table[@Name='Orders' and @Schema='dbo']","object_type":"Table"}},{"outputs":[],"execution_count":0,"cell_type":"code","source":["/****** Object:  Table [dbo].[Orders]    Script Date: 1/6/2026 3:59:25 PM ******/\r\nSET ANSI_NULLS ON\r\n","GO\r\n","SET QUOTED_IDENTIFIER ON\r\n","GO\r\n","CREATE TABLE [dbo].[Orders](\r\n\t[Id] [int] IDENTITY(1,1) NOT NULL,\r\n\t[OrderNumber] [int] NOT NULL,\r\n\t[OrderDate] [datetime] NULL,\r\n\t[TotalAmount] [decimal](18, 0) NULL,\r\n\t[OrderStatus] [nvarchar](50) NULL,\r\n\t[TableId] [int] NULL,\r\n CONSTRAINT [PK__Orders__3214EC07460B37B2] PRIMARY KEY CLUSTERED \r\n(\r\n\t[Id] ASC\r\n)WITH (PAD_INDEX = OFF, STATISTICS_NORECOMPUTE = OFF, IGNORE_DUP_KEY = OFF, ALLOW_ROW_LOCKS = ON, ALLOW_PAGE_LOCKS = ON, OPTIMIZE_FOR_SEQUENTIAL_KEY = OFF) ON [PRIMARY]\r\n) ON [PRIMARY]\r\nGO\r\n"],"metadata":{"urn":"Server[@Name='DESKTOP-2UL7996']/Database[@Name='VinceSweetsDB']/Table[@Name='Orders' and @Schema='dbo']","object_type":"Table"}},{"cell_type":"markdown","source":["# [dbo].[Products]"],"metadata":{"urn":"Server[@Name='DESKTOP-2UL7996']/Database[@Name='VinceSweetsDB']/Table[@Name='Products' and @Schema='dbo']","object_type":"Table"}},{"outputs":[],"execution_count":0,"cell_type":"code","source":["/****** Object:  Table [dbo].[Products]    Script Date: 1/6/2026 3:59:25 PM ******/\r\nSET ANSI_NULLS ON\r\n","GO\r\n","SET QUOTED_IDENTIFIER ON\r\n","GO\r\n","CREATE TABLE [dbo].[Products](\r\n\t[Id] [int] IDENTITY(1,1) NOT NULL,\r\n\t[Name] [nvarchar](100) NOT NULL,\r\n\t[Price] [decimal](18, 0) NOT NULL,\r\n\t[ImagePath] [nvarchar](max) NULL,\r\n\t[IsKitchenItem] [bit] NULL,\r\n\t[CategoryId] [int] NULL,\r\n CONSTRAINT [PK__Products__3214EC07C4D9C222] PRIMARY KEY CLUSTERED \r\n(\r\n\t[Id] ASC\r\n)WITH (PAD_INDEX = OFF, STATISTICS_NORECOMPUTE = OFF, IGNORE_DUP_KEY = OFF, ALLOW_ROW_LOCKS = ON, ALLOW_PAGE_LOCKS = ON, OPTIMIZE_FOR_SEQUENTIAL_KEY = OFF) ON [PRIMARY]\r\n) ON [PRIMARY] TEXTIMAGE_ON [PRIMARY]\r\nGO\r\n"],"metadata":{"urn":"Server[@Name='DESKTOP-2UL7996']/Database[@Name='VinceSweetsDB']/Table[@Name='Products' and @Schema='dbo']","object_type":"Table"}},{"cell_type":"markdown","source":["# [dbo].[RestaurantTables]"],"metadata":{"urn":"Server[@Name='DESKTOP-2UL7996']/Database[@Name='VinceSweetsDB']/Table[@Name='RestaurantTables' and @Schema='dbo']","object_type":"Table"}},{"outputs":[],"execution_count":0,"cell_type":"code","source":["/****** Object:  Table [dbo].[RestaurantTables]    Script Date: 1/6/2026 3:59:25 PM ******/\r\nSET ANSI_NULLS ON\r\n","GO\r\n","SET QUOTED_IDENTIFIER ON\r\n","GO\r\n","CREATE TABLE [dbo].[RestaurantTables](\r\n\t[Id] [int] IDENTITY(1,1) NOT NULL,\r\n\t[TableNumber] [int] NOT NULL,\r\n\t[TableName] [nvarchar](100) NULL,\r\n\t[Status] [int] NULL,\r\n CONSTRAINT [PK__Restaura__3214EC0742A7C085] PRIMARY KEY CLUSTERED \r\n(\r\n\t[Id] ASC\r\n)WITH (PAD_INDEX = OFF, STATISTICS_NORECOMPUTE = OFF, IGNORE_DUP_KEY = OFF, ALLOW_ROW_LOCKS = ON, ALLOW_PAGE_LOCKS = ON, OPTIMIZE_FOR_SEQUENTIAL_KEY = OFF) ON [PRIMARY]\r\n) ON [PRIMARY]\r\nGO\r\n"],"metadata":{"urn":"Server[@Name='DESKTOP-2UL7996']/Database[@Name='VinceSweetsDB']/Table[@Name='RestaurantTables' and @Schema='dbo']","object_type":"Table"}},{"cell_type":"markdown","source":["# [dbo].[__EFMigrationsHistory]"],"metadata":{"urn":"Server[@Name='DESKTOP-2UL7996']/Database[@Name='VinceSweetsDB']/Table[@Name='__EFMigrationsHistory' and @Schema='dbo']","object_type":"Table"}},{"outputs":[],"execution_count":0,"cell_type":"code","source":["INSERT [dbo].[__EFMigrationsHistory] ([MigrationId], [ProductVersion]) VALUES (N'20260103150836_InitialCreate', N'8.0.22')\r\n","GO\r\n"],"metadata":{"urn":"Server[@Name='DESKTOP-2UL7996']/Database[@Name='VinceSweetsDB']/Table[@Name='__EFMigrationsHistory' and @Schema='dbo']","object_type":"Table"}},{"cell_type":"markdown","source":["# [dbo].[Categories]"],"metadata":{"urn":"Server[@Name='DESKTOP-2UL7996']/Database[@Name='VinceSweetsDB']/Table[@Name='Categories' and @Schema='dbo']","object_type":"Table"}},{"outputs":[],"execution_count":0,"cell_type":"code","source":["SET IDENTITY_INSERT [dbo].[Categories] ON \r\n","INSERT [dbo].[Categories] ([Id], [Name]) VALUES (1, N'وافل')\r\n","INSERT [dbo].[Categories] ([Id], [Name]) VALUES (2, N'كريب')\r\n","INSERT [dbo].[Categories] ([Id], [Name]) VALUES (3, N'بان كيك')\r\n","INSERT [dbo].[Categories] ([Id], [Name]) VALUES (4, N'مشروبات ساخنة')\r\n","INSERT [dbo].[Categories] ([Id], [Name]) VALUES (5, N'مشروبات باردة')\r\n","INSERT [dbo].[Categories] ([Id], [Name]) VALUES (6, N'عصائر وموهيتو')\r\n","INSERT [dbo].[Categories] ([Id], [Name]) VALUES (7, N'ميلك شيك')\r\n","SET IDENTITY_INSERT [dbo].[Categories] OFF\r\n","GO\r\n"],"metadata":{"urn":"Server[@Name='DESKTOP-2UL7996']/Database[@Name='VinceSweetsDB']/Table[@Name='Categories' and @Schema='dbo']","object_type":"Table"}},{"cell_type":"markdown","source":["# [dbo].[OrderDetails]"],"metadata":{"urn":"Server[@Name='DESKTOP-2UL7996']/Database[@Name='VinceSweetsDB']/Table[@Name='OrderDetails' and @Schema='dbo']","object_type":"Table"}},{"outputs":[],"execution_count":0,"cell_type":"code","source":["SET IDENTITY_INSERT [dbo].[OrderDetails] ON \r\n","INSERT [dbo].[OrderDetails] ([Id], [OrderId], [ProductId], [ProductName], [Quantity], [Price], [IsServed]) VALUES (1, 2, 6, N'وافل كلاسيك (عسل)', 1, CAST(4000 AS Decimal(18, 0)), 1)\r\n","INSERT [dbo].[OrderDetails] ([Id], [OrderId], [ProductId], [ProductName], [Quantity], [Price], [IsServed]) VALUES (2, 2, 5, N'وافل بستاشيو', 2, CAST(7000 AS Decimal(18, 0)), 1)\r\n","INSERT [dbo].[OrderDetails] ([Id], [OrderId], [ProductId], [ProductName], [Quantity], [Price], [IsServed]) VALUES (3, 5, 7, N'كريب نوتيلا', 1, CAST(5000 AS Decimal(18, 0)), 1)\r\n","INSERT [dbo].[OrderDetails] ([Id], [OrderId], [ProductId], [ProductName], [Quantity], [Price], [IsServed]) VALUES (4, 5, 1, N'وافل نوتيلا', 2, CAST(5000 AS Decimal(18, 0)), 1)\r\n","INSERT [dbo].[OrderDetails] ([Id], [OrderId], [ProductId], [ProductName], [Quantity], [Price], [IsServed]) VALUES (5, 5, 9, N'كريب رول', 1, CAST(5500 AS Decimal(18, 0)), 1)\r\n","INSERT [dbo].[OrderDetails] ([Id], [OrderId], [ProductId], [ProductName], [Quantity], [Price], [IsServed]) VALUES (6, 6, 8, N'كريب فوتشيني', 2, CAST(6000 AS Decimal(18, 0)), 1)\r\n","INSERT [dbo].[OrderDetails] ([Id], [OrderId], [ProductId], [ProductName], [Quantity], [Price], [IsServed]) VALUES (7, 6, 9, N'كريب رول', 2, CAST(5500 AS Decimal(18, 0)), 1)\r\n","INSERT [dbo].[OrderDetails] ([Id], [OrderId], [ProductId], [ProductName], [Quantity], [Price], [IsServed]) VALUES (8, 7, 8, N'كريب فوتشيني', 1, CAST(6000 AS Decimal(18, 0)), 1)\r\n","INSERT [dbo].[OrderDetails] ([Id], [OrderId], [ProductId], [ProductName], [Quantity], [Price], [IsServed]) VALUES (9, 7, 9, N'كريب رول', 2, CAST(5500 AS Decimal(18, 0)), 1)\r\n","INSERT [dbo].[OrderDetails] ([Id], [OrderId], [ProductId], [ProductName], [Quantity], [Price], [IsServed]) VALUES (10, 7, 10, N'كريب لوتس', 2, CAST(6000 AS Decimal(18, 0)), 1)\r\n","INSERT [dbo].[OrderDetails] ([Id], [OrderId], [ProductId], [ProductName], [Quantity], [Price], [IsServed]) VALUES (11, 8, 11, N'كريب براونيز', 2, CAST(7000 AS Decimal(18, 0)), 1)\r\n","INSERT [dbo].[OrderDetails] ([Id], [OrderId], [ProductId], [ProductName], [Quantity], [Price], [IsServed]) VALUES (12, 8, 25, N'آيس موكا', 1, CAST(5000 AS Decimal(18, 0)), 1)\r\n","INSERT [dbo].[OrderDetails] ([Id], [OrderId], [ProductId], [ProductName], [Quantity], [Price], [IsServed]) VALUES (13, 8, 28, N'عصير برتقال طبيعي', 2, CAST(4000 AS Decimal(18, 0)), 1)\r\n","INSERT [dbo].[OrderDetails] ([Id], [OrderId], [ProductId], [ProductName], [Quantity], [Price], [IsServed]) VALUES (14, 10, 5, N'وافل بستاشيو', 1, CAST(7000 AS Decimal(18, 0)), 1)\r\n","INSERT [dbo].[OrderDetails] ([Id], [OrderId], [ProductId], [ProductName], [Quantity], [Price], [IsServed]) VALUES (15, 10, 6, N'وافل كلاسيك (عسل)', 1, CAST(4000 AS Decimal(18, 0)), 1)\r\n","INSERT [dbo].[OrderDetails] ([Id], [OrderId], [ProductId], [ProductName], [Quantity], [Price], [IsServed]) VALUES (16, 10, 12, N'ميني بان كيك (10 قطع)', 1, CAST(4000 AS Decimal(18, 0)), 1)\r\n","INSERT [dbo].[OrderDetails] ([Id], [OrderId], [ProductId], [ProductName], [Quantity], [Price], [IsServed]) VALUES (19, 14, 9, N'كريب رول', 1, CAST(5500 AS Decimal(18, 0)), 1)\r\n","INSERT [dbo].[OrderDetails] ([Id], [OrderId], [ProductId], [ProductName], [Quantity], [Price], [IsServed]) VALUES (20, 14, 10, N'كريب لوتس', 3, CAST(6000 AS Decimal(18, 0)), 1)\r\n","INSERT [dbo].[OrderDetails] ([Id], [OrderId], [ProductId], [ProductName], [Quantity], [Price], [IsServed]) VALUES (21, 15, 10, N'كريب لوتس', 1, CAST(6000 AS Decimal(18, 0)), 1)\r\n","INSERT [dbo].[OrderDetails] ([Id], [OrderId], [ProductId], [ProductName], [Quantity], [Price], [IsServed]) VALUES (22, 16, 9, N'كريب رول', 1, CAST(5500 AS Decimal(18, 0)), 1)\r\n","INSERT [dbo].[OrderDetails] ([Id], [OrderId], [ProductId], [ProductName], [Quantity], [Price], [IsServed]) VALUES (23, 17, 13, N'ميني بان كيك ميكس', 1, CAST(5000 AS Decimal(18, 0)), 1)\r\n","INSERT [dbo].[OrderDetails] ([Id], [OrderId], [ProductId], [ProductName], [Quantity], [Price], [IsServed]) VALUES (24, 17, 7, N'كريب نوتيلا', 1, CAST(5000 AS Decimal(18, 0)), 1)\r\n","INSERT [dbo].[OrderDetails] ([Id], [OrderId], [ProductId], [ProductName], [Quantity], [Price], [IsServed]) VALUES (25, 17, 8, N'كريب فوتشيني', 3, CAST(6000 AS Decimal(18, 0)), 1)\r\n","INSERT [dbo].[OrderDetails] ([Id], [OrderId], [ProductId], [ProductName], [Quantity], [Price], [IsServed]) VALUES (26, 18, 7, N'كريب نوتيلا', 1, CAST(5000 AS Decimal(18, 0)), 1)\r\n","INSERT [dbo].[OrderDetails] ([Id], [OrderId], [ProductId], [ProductName], [Quantity], [Price], [IsServed]) VALUES (27, 18, 1, N'وافل نوتيلا', 1, CAST(5000 AS Decimal(18, 0)), 1)\r\n","INSERT [dbo].[OrderDetails] ([Id], [OrderId], [ProductId], [ProductName], [Quantity], [Price], [IsServed]) VALUES (28, 19, 8, N'كريب فوتشيني', 1, CAST(6000 AS Decimal(18, 0)), 1)\r\n","INSERT [dbo].[OrderDetails] ([Id], [OrderId], [ProductId], [ProductName], [Quantity], [Price], [IsServed]) VALUES (29, 21, 3, N'وافل فواكه مشكل', 1, CAST(6500 AS Decimal(18, 0)), 1)\r\n","INSERT [dbo].[OrderDetails] ([Id], [OrderId], [ProductId], [ProductName], [Quantity], [Price], [IsServed]) VALUES (30, 21, 4, N'وافل كيندر', 2, CAST(6000 AS Decimal(18, 0)), 1)\r\n","INSERT [dbo].[OrderDetails] ([Id], [OrderId], [ProductId], [ProductName], [Quantity], [Price], [IsServed]) VALUES (31, 21, 5, N'وافل بستاشيو', 1, CAST(7000 AS Decimal(18, 0)), 1)\r\n","INSERT [dbo].[OrderDetails] ([Id], [OrderId], [ProductId], [ProductName], [Quantity], [Price], [IsServed]) VALUES (32, 21, 11, N'كريب براونيز', 1, CAST(7000 AS Decimal(18, 0)), 1)\r\n","INSERT [dbo].[OrderDetails] ([Id], [OrderId], [ProductId], [ProductName], [Quantity], [Price], [IsServed]) VALUES (33, 22, 7, N'كريب نوتيلا', 1, CAST(5000 AS Decimal(18, 0)), 1)\r\n","INSERT [dbo].[OrderDetails] ([Id], [OrderId], [ProductId], [ProductName], [Quantity], [Price], [IsServed]) VALUES (34, 22, 8, N'كريب فوتشيني', 3, CAST(6000 AS Decimal(18, 0)), 1)\r\n","INSERT [dbo].[OrderDetails] ([Id], [OrderId], [ProductId], [ProductName], [Quantity], [Price], [IsServed]) VALUES (35, 22, 9, N'كريب رول', 2, CAST(5500 AS Decimal(18, 0)), 1)\r\n","INSERT [dbo].[OrderDetails] ([Id], [OrderId], [ProductId], [ProductName], [Quantity], [Price], [IsServed]) VALUES (36, 22, 10, N'كريب لوتس', 1, CAST(6000 AS Decimal(18, 0)), 1)\r\n","INSERT [dbo].[OrderDetails] ([Id], [OrderId], [ProductId], [ProductName], [Quantity], [Price], [IsServed]) VALUES (37, 23, 9, N'كريب رول', 2, CAST(5500 AS Decimal(18, 0)), 1)\r\n","INSERT [dbo].[OrderDetails] ([Id], [OrderId], [ProductId], [ProductName], [Quantity], [Price], [IsServed]) VALUES (38, 23, 10, N'كريب لوتس', 2, CAST(6000 AS Decimal(18, 0)), 1)\r\n","INSERT [dbo].[OrderDetails] ([Id], [OrderId], [ProductId], [ProductName], [Quantity], [Price], [IsServed]) VALUES (39, 23, 17, N'قهوة تركية', 2, CAST(2000 AS Decimal(18, 0)), 1)\r\n","INSERT [dbo].[OrderDetails] ([Id], [OrderId], [ProductId], [ProductName], [Quantity], [Price], [IsServed]) VALUES (40, 23, 18, N'اسبريسو', 1, CAST(2500 AS Decimal(18, 0)), 1)\r\n","INSERT [dbo].[OrderDetails] ([Id], [OrderId], [ProductId], [ProductName], [Quantity], [Price], [IsServed]) VALUES (41, 24, 9, N'كريب رول', 1, CAST(5500 AS Decimal(18, 0)), 1)\r\n","INSERT [dbo].[OrderDetails] ([Id], [OrderId], [ProductId], [ProductName], [Quantity], [Price], [IsServed]) VALUES (42, 24, 3, N'وافل فواكه مشكل', 4, CAST(6500 AS Decimal(18, 0)), 1)\r\n","INSERT [dbo].[OrderDetails] ([Id], [OrderId], [ProductId], [ProductName], [Quantity], [Price], [IsServed]) VALUES (43, 25, 9, N'كريب رول', 1, CAST(5500 AS Decimal(18, 0)), 1)\r\n","INSERT [dbo].[OrderDetails] ([Id], [OrderId], [ProductId], [ProductName], [Quantity], [Price], [IsServed]) VALUES (44, 25, 10, N'كريب لوتس', 4, CAST(6000 AS Decimal(18, 0)), 1)\r\n","INSERT [dbo].[OrderDetails] ([Id], [OrderId], [ProductId], [ProductName], [Quantity], [Price], [IsServed]) VALUES (45, 25, 17, N'قهوة تركية', 2, CAST(2000 AS Decimal(18, 0)), 1)\r\n","INSERT [dbo].[OrderDetails] ([Id], [OrderId], [ProductId], [ProductName], [Quantity], [Price], [IsServed]) VALUES (46, 25, 18, N'اسبريسو', 2, CAST(2500 AS Decimal(18, 0)), 1)\r\n","INSERT [dbo].[OrderDetails] ([Id], [OrderId], [ProductId], [ProductName], [Quantity], [Price], [IsServed]) VALUES (47, 25, 24, N'سبانيش لاتيه', 1, CAST(5000 AS Decimal(18, 0)), 1)\r\n","INSERT [dbo].[OrderDetails] ([Id], [OrderId], [ProductId], [ProductName], [Quantity], [Price], [IsServed]) VALUES (48, 26, 10, N'كريب لوتس', 1, CAST(6000 AS Decimal(18, 0)), 1)\r\n","INSERT [dbo].[OrderDetails] ([Id], [OrderId], [ProductId], [ProductName], [Quantity], [Price], [IsServed]) VALUES (49, 26, 11, N'كريب براونيز', 2, CAST(7000 AS Decimal(18, 0)), 1)\r\n","INSERT [dbo].[OrderDetails] ([Id], [OrderId], [ProductId], [ProductName], [Quantity], [Price], [IsServed]) VALUES (50, 26, 12, N'ميني بان كيك (10 قطع)', 2, CAST(4000 AS Decimal(18, 0)), 1)\r\n","INSERT [dbo].[OrderDetails] ([Id], [OrderId], [ProductId], [ProductName], [Quantity], [Price], [IsServed]) VALUES (51, 26, 6, N'وافل كلاسيك (عسل)', 2, CAST(4000 AS Decimal(18, 0)), 1)\r\n","INSERT [dbo].[OrderDetails] ([Id], [OrderId], [ProductId], [ProductName], [Quantity], [Price], [IsServed]) VALUES (52, 27, 12, N'ميني بان كيك (10 قطع)', 2, CAST(4000 AS Decimal(18, 0)), 1)\r\n","INSERT [dbo].[OrderDetails] ([Id], [OrderId], [ProductId], [ProductName], [Quantity], [Price], [IsServed]) VALUES (53, 27, 6, N'وافل كلاسيك (عسل)', 4, CAST(4000 AS Decimal(18, 0)), 1)\r\n","INSERT [dbo].[OrderDetails] ([Id], [OrderId], [ProductId], [ProductName], [Quantity], [Price], [IsServed]) VALUES (54, 27, 11, N'كريب براونيز', 1, CAST(7000 AS Decimal(18, 0)), 1)\r\n","INSERT [dbo].[OrderDetails] ([Id], [OrderId], [ProductId], [ProductName], [Quantity], [Price], [IsServed]) VALUES (55, 27, 31, N'موهيتو أحمر (Red)', 1, CAST(4500 AS Decimal(18, 0)), 1)\r\n","INSERT [dbo].[OrderDetails] ([Id], [OrderId], [ProductId], [ProductName], [Quantity], [Price], [IsServed]) VALUES (56, 28, 10, N'كريب لوتس', 1, CAST(6000 AS Decimal(18, 0)), 1)\r\n","INSERT [dbo].[OrderDetails] ([Id], [OrderId], [ProductId], [ProductName], [Quantity], [Price], [IsServed]) VALUES (57, 28, 17, N'قهوة تركية', 3, CAST(2000 AS Decimal(18, 0)), 1)\r\n","INSERT [dbo].[OrderDetails] ([Id], [OrderId], [ProductId], [ProductName], [Quantity], [Price], [IsServed]) VALUES (58, 28, 23, N'آيس لاتيه', 4, CAST(4500 AS Decimal(18, 0)), 1)\r\n","INSERT [dbo].[OrderDetails] ([Id], [OrderId], [ProductId], [ProductName], [Quantity], [Price], [IsServed]) VALUES (59, 28, 24, N'سبانيش لاتيه', 2, CAST(5000 AS Decimal(18, 0)), 1)\r\n","INSERT [dbo].[OrderDetails] ([Id], [OrderId], [ProductId], [ProductName], [Quantity], [Price], [IsServed]) VALUES (60, 29, 7, N'كريب نوتيلا', 1, CAST(5000 AS Decimal(18, 0)), 1)\r\n","INSERT [dbo].[OrderDetails] ([Id], [OrderId], [ProductId], [ProductName], [Quantity], [Price], [IsServed]) VALUES (61, 29, 1, N'وافل نوتيلا', 2, CAST(5000 AS Decimal(18, 0)), 1)\r\n","INSERT [dbo].[OrderDetails] ([Id], [OrderId], [ProductId], [ProductName], [Quantity], [Price], [IsServed]) VALUES (62, 29, 2, N'وافل لوتس', 2, CAST(6000 AS Decimal(18, 0)), 1)\r\n","INSERT [dbo].[OrderDetails] ([Id], [OrderId], [ProductId], [ProductName], [Quantity], [Price], [IsServed]) VALUES (63, 29, 3, N'وافل فواكه مشكل', 2, CAST(6500 AS Decimal(18, 0)), 1)\r\n","INSERT [dbo].[OrderDetails] ([Id], [OrderId], [ProductId], [ProductName], [Quantity], [Price], [IsServed]) VALUES (64, 29, 4, N'وافل كيندر', 2, CAST(6000 AS Decimal(18, 0)), 1)\r\n","INSERT [dbo].[OrderDetails] ([Id], [OrderId], [ProductId], [ProductName], [Quantity], [Price], [IsServed]) VALUES (65, 29, 36, N'ميلك شيك لوتس', 1, CAST(6000 AS Decimal(18, 0)), 1)\r\n","INSERT [dbo].[OrderDetails] ([Id], [OrderId], [ProductId], [ProductName], [Quantity], [Price], [IsServed]) VALUES (66, 30, 9, N'كريب رول', 1, CAST(5500 AS Decimal(18, 0)), 1)\r\n","INSERT [dbo].[OrderDetails] ([Id], [OrderId], [ProductId], [ProductName], [Quantity], [Price], [IsServed]) VALUES (67, 30, 3, N'وافل فواكه مشكل', 2, CAST(6500 AS Decimal(18, 0)), 1)\r\n","INSERT [dbo].[OrderDetails] ([Id], [OrderId], [ProductId], [ProductName], [Quantity], [Price], [IsServed]) VALUES (68, 30, 4, N'وافل كيندر', 3, CAST(6000 AS Decimal(18, 0)), 1)\r\n","INSERT [dbo].[OrderDetails] ([Id], [OrderId], [ProductId], [ProductName], [Quantity], [Price], [IsServed]) VALUES (69, 30, 5, N'وافل بستاشيو', 1, CAST(7000 AS Decimal(18, 0)), 1)\r\n","INSERT [dbo].[OrderDetails] ([Id], [OrderId], [ProductId], [ProductName], [Quantity], [Price], [IsServed]) VALUES (70, 31, 9, N'كريب رول', 1, CAST(5500 AS Decimal(18, 0)), 1)\r\n","INSERT [dbo].[OrderDetails] ([Id], [OrderId], [ProductId], [ProductName], [Quantity], [Price], [IsServed]) VALUES (71, 31, 17, N'قهوة تركية', 2, CAST(2000 AS Decimal(18, 0)), 1)\r\n","INSERT [dbo].[OrderDetails] ([Id], [OrderId], [ProductId], [ProductName], [Quantity], [Price], [IsServed]) VALUES (72, 31, 18, N'اسبريسو', 2, CAST(2500 AS Decimal(18, 0)), 1)\r\n","INSERT [dbo].[OrderDetails] ([Id], [OrderId], [ProductId], [ProductName], [Quantity], [Price], [IsServed]) VALUES (73, 31, 24, N'سبانيش لاتيه', 2, CAST(5000 AS Decimal(18, 0)), 1)\r\n","INSERT [dbo].[OrderDetails] ([Id], [OrderId], [ProductId], [ProductName], [Quantity], [Price], [IsServed]) VALUES (74, 32, 9, N'كريب رول', 2, CAST(5500 AS Decimal(18, 0)), 1)\r\n","INSERT [dbo].[OrderDetails] ([Id], [OrderId], [ProductId], [ProductName], [Quantity], [Price], [IsServed]) VALUES (75, 32, 3, N'وافل فواكه مشكل', 5, CAST(6500 AS Decimal(18, 0)), 1)\r\n","INSERT [dbo].[OrderDetails] ([Id], [OrderId], [ProductId], [ProductName], [Quantity], [Price], [IsServed]) VALUES (76, 33, 15, N'بان كيك لوتس', 2, CAST(5500 AS Decimal(18, 0)), 1)\r\n","INSERT [dbo].[OrderDetails] ([Id], [OrderId], [ProductId], [ProductName], [Quantity], [Price], [IsServed]) VALUES (77, 33, 16, N'شاي', 1, CAST(1000 AS Decimal(18, 0)), 1)\r\n","INSERT [dbo].[OrderDetails] ([Id], [OrderId], [ProductId], [ProductName], [Quantity], [Price], [IsServed]) VALUES (78, 33, 22, N'هوت شوكليت', 2, CAST(4000 AS Decimal(18, 0)), 1)\r\n","INSERT [dbo].[OrderDetails] ([Id], [OrderId], [ProductId], [ProductName], [Quantity], [Price], [IsServed]) VALUES (79, 33, 30, N'موهيتو أزرق (Blue)', 1, CAST(4500 AS Decimal(18, 0)), 1)\r\n","INSERT [dbo].[OrderDetails] ([Id], [OrderId], [ProductId], [ProductName], [Quantity], [Price], [IsServed]) VALUES (80, 33, 29, N'ليمون بالنعناع', 1, CAST(3500 AS Decimal(18, 0)), 1)\r\n","INSERT [dbo].[OrderDetails] ([Id], [OrderId], [ProductId], [ProductName], [Quantity], [Price], [IsServed]) VALUES (81, 34, 9, N'كريب رول', 1, CAST(5500 AS Decimal(18, 0)), 0)\r\n","INSERT [dbo].[OrderDetails] ([Id], [OrderId], [ProductId], [ProductName], [Quantity], [Price], [IsServed]) VALUES (82, 34, 4, N'وافل كيندر', 3, CAST(6000 AS Decimal(18, 0)), 0)\r\n","INSERT [dbo].[OrderDetails] ([Id], [OrderId], [ProductId], [ProductName], [Quantity], [Price], [IsServed]) VALUES (83, 34, 11, N'كريب براونيز', 2, CAST(7000 AS Decimal(18, 0)), 0)\r\n","INSERT [dbo].[OrderDetails] ([Id], [OrderId], [ProductId], [ProductName], [Quantity], [Price], [IsServed]) VALUES (84, 35, 9, N'كريب رول', 2, CAST(5500 AS Decimal(18, 0)), 0)\r\n","INSERT [dbo].[OrderDetails] ([Id], [OrderId], [ProductId], [ProductName], [Quantity], [Price], [IsServed]) VALUES (85, 35, 10, N'كريب لوتس', 2, CAST(6000 AS Decimal(18, 0)), 0)\r\n","INSERT [dbo].[OrderDetails] ([Id], [OrderId], [ProductId], [ProductName], [Quantity], [Price], [IsServed]) VALUES (86, 35, 4, N'وافل كيندر', 1, CAST(6000 AS Decimal(18, 0)), 0)\r\n","INSERT [dbo].[OrderDetails] ([Id], [OrderId], [ProductId], [ProductName], [Quantity], [Price], [IsServed]) VALUES (87, 36, 18, N'اسبريسو', 1, CAST(2500 AS Decimal(18, 0)), 0)\r\n","INSERT [dbo].[OrderDetails] ([Id], [OrderId], [ProductId], [ProductName], [Quantity], [Price], [IsServed]) VALUES (88, 36, 12, N'ميني بان كيك (10 قطع)', 1, CAST(4000 AS Decimal(18, 0)), 0)\r\n","INSERT [dbo].[OrderDetails] ([Id], [OrderId], [ProductId], [ProductName], [Quantity], [Price], [IsServed]) VALUES (89, 36, 17, N'قهوة تركية', 2, CAST(2000 AS Decimal(18, 0)), 0)\r\n","INSERT [dbo].[OrderDetails] ([Id], [OrderId], [ProductId], [ProductName], [Quantity], [Price], [IsServed]) VALUES (90, 31, 15, N'بان كيك لوتس', 1, CAST(5500 AS Decimal(18, 0)), 1)\r\n","SET IDENTITY_INSERT [dbo].[OrderDetails] OFF\r\n","GO\r\n"],"metadata":{"urn":"Server[@Name='DESKTOP-2UL7996']/Database[@Name='VinceSweetsDB']/Table[@Name='OrderDetails' and @Schema='dbo']","object_type":"Table"}},{"cell_type":"markdown","source":["# [dbo].[Orders]"],"metadata":{"urn":"Server[@Name='DESKTOP-2UL7996']/Database[@Name='VinceSweetsDB']/Table[@Name='Orders' and @Schema='dbo']","object_type":"Table"}},{"outputs":[],"execution_count":0,"cell_type":"code","source":["SET IDENTITY_INSERT [dbo].[Orders] ON \r\n","INSERT [dbo].[Orders] ([Id], [OrderNumber], [OrderDate], [TotalAmount], [OrderStatus], [TableId]) VALUES (2, 1, CAST(N'2026-01-03T18:14:48.780' AS DateTime), CAST(11000 AS Decimal(18, 0)), N'Paid', 8)\r\n","INSERT [dbo].[Orders] ([Id], [OrderNumber], [OrderDate], [TotalAmount], [OrderStatus], [TableId]) VALUES (5, 2, CAST(N'2026-01-03T18:34:51.813' AS DateTime), CAST(15000 AS Decimal(18, 0)), N'Paid', 10)\r\n","INSERT [dbo].[Orders] ([Id], [OrderNumber], [OrderDate], [TotalAmount], [OrderStatus], [TableId]) VALUES (6, 3, CAST(N'2026-01-03T18:35:16.463' AS DateTime), CAST(17500 AS Decimal(18, 0)), N'Paid', 9)\r\n","INSERT [dbo].[Orders] ([Id], [OrderNumber], [OrderDate], [TotalAmount], [OrderStatus], [TableId]) VALUES (7, 4, CAST(N'2026-01-03T18:35:48.753' AS DateTime), CAST(23000 AS Decimal(18, 0)), N'Paid', 3)\r\n","INSERT [dbo].[Orders] ([Id], [OrderNumber], [OrderDate], [TotalAmount], [OrderStatus], [TableId]) VALUES (8, 5, CAST(N'2026-01-03T18:35:55.180' AS DateTime), CAST(23000 AS Decimal(18, 0)), N'Completed', NULL)\r\n","INSERT [dbo].[Orders] ([Id], [OrderNumber], [OrderDate], [TotalAmount], [OrderStatus], [TableId]) VALUES (10, 6, CAST(N'2026-01-03T23:03:39.387' AS DateTime), CAST(11000 AS Decimal(18, 0)), N'Paid', 1)\r\n","INSERT [dbo].[Orders] ([Id], [OrderNumber], [OrderDate], [TotalAmount], [OrderStatus], [TableId]) VALUES (14, 8, CAST(N'2026-01-03T23:06:35.837' AS DateTime), CAST(17500 AS Decimal(18, 0)), N'Completed', NULL)\r\n","INSERT [dbo].[Orders] ([Id], [OrderNumber], [OrderDate], [TotalAmount], [OrderStatus], [TableId]) VALUES (15, 9, CAST(N'2026-01-03T23:13:53.560' AS DateTime), CAST(0 AS Decimal(18, 0)), N'Completed', NULL)\r\n","INSERT [dbo].[Orders] ([Id], [OrderNumber], [OrderDate], [TotalAmount], [OrderStatus], [TableId]) VALUES (16, 10, CAST(N'2026-01-03T23:17:47.477' AS DateTime), CAST(0 AS Decimal(18, 0)), N'Completed', NULL)\r\n","INSERT [dbo].[Orders] ([Id], [OrderNumber], [OrderDate], [TotalAmount], [OrderStatus], [TableId]) VALUES (17, 10, CAST(N'2026-01-03T23:57:55.003' AS DateTime), CAST(22000 AS Decimal(18, 0)), N'Paid', 10)\r\n","INSERT [dbo].[Orders] ([Id], [OrderNumber], [OrderDate], [TotalAmount], [OrderStatus], [TableId]) VALUES (18, 11, CAST(N'2026-01-03T23:58:27.480' AS DateTime), CAST(5000 AS Decimal(18, 0)), N'Paid', 9)\r\n","INSERT [dbo].[Orders] ([Id], [OrderNumber], [OrderDate], [TotalAmount], [OrderStatus], [TableId]) VALUES (19, 1, CAST(N'2026-01-04T00:09:53.663' AS DateTime), CAST(0 AS Decimal(18, 0)), N'Paid', 9)\r\n","INSERT [dbo].[Orders] ([Id], [OrderNumber], [OrderDate], [TotalAmount], [OrderStatus], [TableId]) VALUES (21, 2, CAST(N'2026-01-04T14:24:23.443' AS DateTime), CAST(25500 AS Decimal(18, 0)), N'Completed', NULL)\r\n","INSERT [dbo].[Orders] ([Id], [OrderNumber], [OrderDate], [TotalAmount], [OrderStatus], [TableId]) VALUES (22, 3, CAST(N'2026-01-04T14:25:02.693' AS DateTime), CAST(34000 AS Decimal(18, 0)), N'Paid', 5)\r\n","INSERT [dbo].[Orders] ([Id], [OrderNumber], [OrderDate], [TotalAmount], [OrderStatus], [TableId]) VALUES (23, 4, CAST(N'2026-01-04T14:25:10.000' AS DateTime), CAST(27000 AS Decimal(18, 0)), N'Paid', 12)\r\n","INSERT [dbo].[Orders] ([Id], [OrderNumber], [OrderDate], [TotalAmount], [OrderStatus], [TableId]) VALUES (24, 5, CAST(N'2026-01-04T14:25:16.937' AS DateTime), CAST(25000 AS Decimal(18, 0)), N'Paid', 11)\r\n","INSERT [dbo].[Orders] ([Id], [OrderNumber], [OrderDate], [TotalAmount], [OrderStatus], [TableId]) VALUES (25, 6, CAST(N'2026-01-04T14:25:19.463' AS DateTime), CAST(38500 AS Decimal(18, 0)), N'Paid', 1)\r\n","INSERT [dbo].[Orders] ([Id], [OrderNumber], [OrderDate], [TotalAmount], [OrderStatus], [TableId]) VALUES (26, 7, CAST(N'2026-01-04T14:25:29.297' AS DateTime), CAST(32000 AS Decimal(18, 0)), N'Paid', 8)\r\n","INSERT [dbo].[Orders] ([Id], [OrderNumber], [OrderDate], [TotalAmount], [OrderStatus], [TableId]) VALUES (27, 8, CAST(N'2026-01-04T14:25:37.083' AS DateTime), CAST(31000 AS Decimal(18, 0)), N'Paid', 3)\r\n","INSERT [dbo].[Orders] ([Id], [OrderNumber], [OrderDate], [TotalAmount], [OrderStatus], [TableId]) VALUES (28, 9, CAST(N'2026-01-04T14:25:44.643' AS DateTime), CAST(35000 AS Decimal(18, 0)), N'Paid', 9)\r\n","INSERT [dbo].[Orders] ([Id], [OrderNumber], [OrderDate], [TotalAmount], [OrderStatus], [TableId]) VALUES (29, 10, CAST(N'2026-01-04T14:25:52.237' AS DateTime), CAST(52000 AS Decimal(18, 0)), N'Paid', 7)\r\n","INSERT [dbo].[Orders] ([Id], [OrderNumber], [OrderDate], [TotalAmount], [OrderStatus], [TableId]) VALUES (30, 11, CAST(N'2026-01-04T14:25:58.630' AS DateTime), CAST(36500 AS Decimal(18, 0)), N'Paid', 10)\r\n","INSERT [dbo].[Orders] ([Id], [OrderNumber], [OrderDate], [TotalAmount], [OrderStatus], [TableId]) VALUES (31, 12, CAST(N'2026-01-04T14:26:02.470' AS DateTime), CAST(24500 AS Decimal(18, 0)), N'Paid', 2)\r\n","INSERT [dbo].[Orders] ([Id], [OrderNumber], [OrderDate], [TotalAmount], [OrderStatus], [TableId]) VALUES (32, 13, CAST(N'2026-01-04T14:26:06.527' AS DateTime), CAST(37000 AS Decimal(18, 0)), N'Paid', 6)\r\n","INSERT [dbo].[Orders] ([Id], [OrderNumber], [OrderDate], [TotalAmount], [OrderStatus], [TableId]) VALUES (33, 14, CAST(N'2026-01-04T14:26:10.193' AS DateTime), CAST(24500 AS Decimal(18, 0)), N'Paid', 4)\r\n","INSERT [dbo].[Orders] ([Id], [OrderNumber], [OrderDate], [TotalAmount], [OrderStatus], [TableId]) VALUES (34, 15, CAST(N'2026-01-04T14:26:18.377' AS DateTime), CAST(30500 AS Decimal(18, 0)), N'Completed', NULL)\r\n","INSERT [dbo].[Orders] ([Id], [OrderNumber], [OrderDate], [TotalAmount], [OrderStatus], [TableId]) VALUES (35, 16, CAST(N'2026-01-04T14:26:27.250' AS DateTime), CAST(23000 AS Decimal(18, 0)), N'Completed', NULL)\r\n","INSERT [dbo].[Orders] ([Id], [OrderNumber], [OrderDate], [TotalAmount], [OrderStatus], [TableId]) VALUES (36, 17, CAST(N'2026-01-04T14:26:31.770' AS DateTime), CAST(8500 AS Decimal(18, 0)), N'Completed', NULL)\r\n","SET IDENTITY_INSERT [dbo].[Orders] OFF\r\n","GO\r\n"],"metadata":{"urn":"Server[@Name='DESKTOP-2UL7996']/Database[@Name='VinceSweetsDB']/Table[@Name='Orders' and @Schema='dbo']","object_type":"Table"}},{"cell_type":"markdown","source":["# [dbo].[Products]"],"metadata":{"urn":"Server[@Name='DESKTOP-2UL7996']/Database[@Name='VinceSweetsDB']/Table[@Name='Products' and @Schema='dbo']","object_type":"Table"}},{"outputs":[],"execution_count":0,"cell_type":"code","source":["SET IDENTITY_INSERT [dbo].[Products] ON \r\n","INSERT [dbo].[Products] ([Id], [Name], [Price], [ImagePath], [IsKitchenItem], [CategoryId]) VALUES (1, N'وافل نوتيلا', CAST(5000 AS Decimal(18, 0)), N'Images/Nutella.jpg', 1, 1)\r\n","INSERT [dbo].[Products] ([Id], [Name], [Price], [ImagePath], [IsKitchenItem], [CategoryId]) VALUES (2, N'وافل لوتس', CAST(6000 AS Decimal(18, 0)), N'Images/Lutes.webp', 1, 1)\r\n","INSERT [dbo].[Products] ([Id], [Name], [Price], [ImagePath], [IsKitchenItem], [CategoryId]) VALUES (3, N'وافل فواكه مشكل', CAST(6500 AS Decimal(18, 0)), N'Images/Mixed.jpg', 1, 1)\r\n","INSERT [dbo].[Products] ([Id], [Name], [Price], [ImagePath], [IsKitchenItem], [CategoryId]) VALUES (4, N'وافل كيندر', CAST(6000 AS Decimal(18, 0)), N'Images/Kinder.png', 1, 1)\r\n","INSERT [dbo].[Products] ([Id], [Name], [Price], [ImagePath], [IsKitchenItem], [CategoryId]) VALUES (5, N'وافل بستاشيو', CAST(7000 AS Decimal(18, 0)), N'Images/pista.webp', 1, 1)\r\n","INSERT [dbo].[Products] ([Id], [Name], [Price], [ImagePath], [IsKitchenItem], [CategoryId]) VALUES (6, N'وافل كلاسيك (عسل)', CAST(4000 AS Decimal(18, 0)), N'Images/Classic.webp', 1, 1)\r\n","INSERT [dbo].[Products] ([Id], [Name], [Price], [ImagePath], [IsKitchenItem], [CategoryId]) VALUES (7, N'كريب نوتيلا', CAST(5000 AS Decimal(18, 0)), N'Images/NutellaC.png', 1, 2)\r\n","INSERT [dbo].[Products] ([Id], [Name], [Price], [ImagePath], [IsKitchenItem], [CategoryId]) VALUES (8, N'كريب فوتشيني', CAST(6000 AS Decimal(18, 0)), N'Images/FotshC.jpg', 1, 2)\r\n","INSERT [dbo].[Products] ([Id], [Name], [Price], [ImagePath], [IsKitchenItem], [CategoryId]) VALUES (9, N'كريب رول', CAST(5500 AS Decimal(18, 0)), N'Images/Roll.png', 1, 2)\r\n","INSERT [dbo].[Products] ([Id], [Name], [Price], [ImagePath], [IsKitchenItem], [CategoryId]) VALUES (10, N'كريب لوتس', CAST(6000 AS Decimal(18, 0)), N'Images/LutesC.webp', 1, 2)\r\n","INSERT [dbo].[Products] ([Id], [Name], [Price], [ImagePath], [IsKitchenItem], [CategoryId]) VALUES (11, N'كريب براونيز', CAST(7000 AS Decimal(18, 0)), N'Images/Brownie.jpeg', 1, 2)\r\n","INSERT [dbo].[Products] ([Id], [Name], [Price], [ImagePath], [IsKitchenItem], [CategoryId]) VALUES (12, N'ميني بان كيك (10 قطع)', CAST(4000 AS Decimal(18, 0)), N'Images/MiniCake.jpg', 1, 3)\r\n","INSERT [dbo].[Products] ([Id], [Name], [Price], [ImagePath], [IsKitchenItem], [CategoryId]) VALUES (13, N'ميني بان كيك ميكس', CAST(5000 AS Decimal(18, 0)), N'Images/CakeMix.jpeg', 1, 3)\r\n","INSERT [dbo].[Products] ([Id], [Name], [Price], [ImagePath], [IsKitchenItem], [CategoryId]) VALUES (14, N'بان كيك كلاسيك', CAST(4500 AS Decimal(18, 0)), NULL, 1, 3)\r\n","INSERT [dbo].[Products] ([Id], [Name], [Price], [ImagePath], [IsKitchenItem], [CategoryId]) VALUES (15, N'بان كيك لوتس', CAST(5500 AS Decimal(18, 0)), NULL, 1, 3)\r\n","INSERT [dbo].[Products] ([Id], [Name], [Price], [ImagePath], [IsKitchenItem], [CategoryId]) VALUES (16, N'شاي', CAST(1000 AS Decimal(18, 0)), NULL, 1, 4)\r\n","INSERT [dbo].[Products] ([Id], [Name], [Price], [ImagePath], [IsKitchenItem], [CategoryId]) VALUES (17, N'قهوة تركية', CAST(2000 AS Decimal(18, 0)), N'Images/Turkish.jpg', 1, 4)\r\n","INSERT [dbo].[Products] ([Id], [Name], [Price], [ImagePath], [IsKitchenItem], [CategoryId]) VALUES (18, N'اسبريسو', CAST(2500 AS Decimal(18, 0)), N'Images/Espresso.jpg', 1, 4)\r\n","INSERT [dbo].[Products] ([Id], [Name], [Price], [ImagePath], [IsKitchenItem], [CategoryId]) VALUES (19, N'أمريكانو', CAST(3000 AS Decimal(18, 0)), NULL, 1, 4)\r\n","INSERT [dbo].[Products] ([Id], [Name], [Price], [ImagePath], [IsKitchenItem], [CategoryId]) VALUES (20, N'كابتشينو', CAST(3500 AS Decimal(18, 0)), NULL, 1, 4)\r\n","INSERT [dbo].[Products] ([Id], [Name], [Price], [ImagePath], [IsKitchenItem], [CategoryId]) VALUES (21, N'لاتيه', CAST(4000 AS Decimal(18, 0)), NULL, 1, 4)\r\n","INSERT [dbo].[Products] ([Id], [Name], [Price], [ImagePath], [IsKitchenItem], [CategoryId]) VALUES (22, N'هوت شوكليت', CAST(4000 AS Decimal(18, 0)), NULL, 1, 4)\r\n","INSERT [dbo].[Products] ([Id], [Name], [Price], [ImagePath], [IsKitchenItem], [CategoryId]) VALUES (23, N'آيس لاتيه', CAST(4500 AS Decimal(18, 0)), NULL, 1, 5)\r\n","INSERT [dbo].[Products] ([Id], [Name], [Price], [ImagePath], [IsKitchenItem], [CategoryId]) VALUES (24, N'سبانيش لاتيه', CAST(5000 AS Decimal(18, 0)), NULL, 1, 5)\r\n","INSERT [dbo].[Products] ([Id], [Name], [Price], [ImagePath], [IsKitchenItem], [CategoryId]) VALUES (25, N'آيس موكا', CAST(5000 AS Decimal(18, 0)), NULL, 1, 5)\r\n","INSERT [dbo].[Products] ([Id], [Name], [Price], [ImagePath], [IsKitchenItem], [CategoryId]) VALUES (26, N'فرابتشينو', CAST(5500 AS Decimal(18, 0)), NULL, 1, 5)\r\n","INSERT [dbo].[Products] ([Id], [Name], [Price], [ImagePath], [IsKitchenItem], [CategoryId]) VALUES (27, N'آيس أمريكانو', CAST(4000 AS Decimal(18, 0)), NULL, 1, 5)\r\n","INSERT [dbo].[Products] ([Id], [Name], [Price], [ImagePath], [IsKitchenItem], [CategoryId]) VALUES (28, N'عصير برتقال طبيعي', CAST(4000 AS Decimal(18, 0)), N'Images/Orange.jpg', 1, 6)\r\n","INSERT [dbo].[Products] ([Id], [Name], [Price], [ImagePath], [IsKitchenItem], [CategoryId]) VALUES (29, N'ليمون بالنعناع', CAST(3500 AS Decimal(18, 0)), N'Images/water.jpg', 1, 6)\r\n","INSERT [dbo].[Products] ([Id], [Name], [Price], [ImagePath], [IsKitchenItem], [CategoryId]) VALUES (30, N'موهيتو أزرق (Blue)', CAST(4500 AS Decimal(18, 0)), NULL, 1, 6)\r\n","INSERT [dbo].[Products] ([Id], [Name], [Price], [ImagePath], [IsKitchenItem], [CategoryId]) VALUES (31, N'موهيتو أحمر (Red)', CAST(4500 AS Decimal(18, 0)), NULL, 1, 6)\r\n","INSERT [dbo].[Products] ([Id], [Name], [Price], [ImagePath], [IsKitchenItem], [CategoryId]) VALUES (32, N'موهيتو كلاسيك', CAST(4000 AS Decimal(18, 0)), NULL, 1, 6)\r\n","INSERT [dbo].[Products] ([Id], [Name], [Price], [ImagePath], [IsKitchenItem], [CategoryId]) VALUES (33, N'ميلك شيك أوريو', CAST(5000 AS Decimal(18, 0)), NULL, 1, 7)\r\n","INSERT [dbo].[Products] ([Id], [Name], [Price], [ImagePath], [IsKitchenItem], [CategoryId]) VALUES (34, N'ميلك شيك فراولة', CAST(5000 AS Decimal(18, 0)), NULL, 1, 7)\r\n","INSERT [dbo].[Products] ([Id], [Name], [Price], [ImagePath], [IsKitchenItem], [CategoryId]) VALUES (35, N'ميلك شيك شوكولاتة', CAST(5000 AS Decimal(18, 0)), NULL, 1, 7)\r\n","INSERT [dbo].[Products] ([Id], [Name], [Price], [ImagePath], [IsKitchenItem], [CategoryId]) VALUES (36, N'ميلك شيك لوتس', CAST(6000 AS Decimal(18, 0)), NULL, 1, 7)\r\n","SET IDENTITY_INSERT [dbo].[Products] OFF\r\n","GO\r\n"],"metadata":{"urn":"Server[@Name='DESKTOP-2UL7996']/Database[@Name='VinceSweetsDB']/Table[@Name='Products' and @Schema='dbo']","object_type":"Table"}},{"cell_type":"markdown","source":["# [dbo].[RestaurantTables]"],"metadata":{"urn":"Server[@Name='DESKTOP-2UL7996']/Database[@Name='VinceSweetsDB']/Table[@Name='RestaurantTables' and @Schema='dbo']","object_type":"Table"}},{"outputs":[],"execution_count":0,"cell_type":"code","source":["SET IDENTITY_INSERT [dbo].[RestaurantTables] ON \r\n","INSERT [dbo].[RestaurantTables] ([Id], [TableNumber], [TableName], [Status]) VALUES (1, 1, NULL, 0)\r\n","INSERT [dbo].[RestaurantTables] ([Id], [TableNumber], [TableName], [Status]) VALUES (2, 2, NULL, 0)\r\n","INSERT [dbo].[RestaurantTables] ([Id], [TableNumber], [TableName], [Status]) VALUES (3, 3, NULL, 0)\r\n","INSERT [dbo].[RestaurantTables] ([Id], [TableNumber], [TableName], [Status]) VALUES (4, 4, NULL, 0)\r\n","INSERT [dbo].[RestaurantTables] ([Id], [TableNumber], [TableName], [Status]) VALUES (5, 5, NULL, 0)\r\n","INSERT [dbo].[RestaurantTables] ([Id], [TableNumber], [TableName], [Status]) VALUES (6, 6, NULL, 0)\r\n","INSERT [dbo].[RestaurantTables] ([Id], [TableNumber], [TableName], [Status]) VALUES (7, 7, NULL, 0)\r\n","INSERT [dbo].[RestaurantTables] ([Id], [TableNumber], [TableName], [Status]) VALUES (8, 8, NULL, 0)\r\n","INSERT [dbo].[RestaurantTables] ([Id], [TableNumber], [TableName], [Status]) VALUES (9, 9, NULL, 0)\r\n","INSERT [dbo].[RestaurantTables] ([Id], [TableNumber], [TableName], [Status]) VALUES (10, 10, NULL, 0)\r\n","INSERT [dbo].[RestaurantTables] ([Id], [TableNumber], [TableName], [Status]) VALUES (11, 11, NULL, 0)\r\n","INSERT [dbo].[RestaurantTables] ([Id], [TableNumber], [TableName], [Status]) VALUES (12, 12, NULL, 0)\r\n","SET IDENTITY_INSERT [dbo].[RestaurantTables] OFF\r\n","GO\r\n"],"metadata":{"urn":"Server[@Name='DESKTOP-2UL7996']/Database[@Name='VinceSweetsDB']/Table[@Name='RestaurantTables' and @Schema='dbo']","object_type":"Table"}},{"cell_type":"markdown","source":["# [DF__OrderDeta__Quant__59FA5E80]"],"metadata":{"urn":"Server[@Name='DESKTOP-2UL7996']/Database[@Name='VinceSweetsDB']/Table[@Name='OrderDetails' and @Schema='dbo']/Column[@Name='Quantity']/Default[@Name='DF__OrderDeta__Quant__59FA5E80']","object_type":"Default"}},{"outputs":[],"execution_count":0,"cell_type":"code","source":["ALTER TABLE [dbo].[OrderDetails] ADD  DEFAULT ((1)) FOR [Quantity]\r\n","GO\r\n"],"metadata":{"urn":"Server[@Name='DESKTOP-2UL7996']/Database[@Name='VinceSweetsDB']/Table[@Name='OrderDetails' and @Schema='dbo']/Column[@Name='Quantity']/Default[@Name='DF__OrderDeta__Quant__59FA5E80']","object_type":"Default"}},{"cell_type":"markdown","source":["# [DF__Orders__OrderDat__5441852A]"],"metadata":{"urn":"Server[@Name='DESKTOP-2UL7996']/Database[@Name='VinceSweetsDB']/Table[@Name='Orders' and @Schema='dbo']/Column[@Name='OrderDate']/Default[@Name='DF__Orders__OrderDat__5441852A']","object_type":"Default"}},{"outputs":[],"execution_count":0,"cell_type":"code","source":["ALTER TABLE [dbo].[Orders] ADD  DEFAULT (getdate()) FOR [OrderDate]\r\n","GO\r\n"],"metadata":{"urn":"Server[@Name='DESKTOP-2UL7996']/Database[@Name='VinceSweetsDB']/Table[@Name='Orders' and @Schema='dbo']/Column[@Name='OrderDate']/Default[@Name='DF__Orders__OrderDat__5441852A']","object_type":"Default"}},{"cell_type":"markdown","source":["# [DF__Orders__TotalAmo__5535A963]"],"metadata":{"urn":"Server[@Name='DESKTOP-2UL7996']/Database[@Name='VinceSweetsDB']/Table[@Name='Orders' and @Schema='dbo']/Column[@Name='TotalAmount']/Default[@Name='DF__Orders__TotalAmo__5535A963']","object_type":"Default"}},{"outputs":[],"execution_count":0,"cell_type":"code","source":["ALTER TABLE [dbo].[Orders] ADD  DEFAULT ((0.0)) FOR [TotalAmount]\r\n","GO\r\n"],"metadata":{"urn":"Server[@Name='DESKTOP-2UL7996']/Database[@Name='VinceSweetsDB']/Table[@Name='Orders' and @Schema='dbo']/Column[@Name='TotalAmount']/Default[@Name='DF__Orders__TotalAmo__5535A963']","object_type":"Default"}},{"cell_type":"markdown","source":["# [DF__Orders__OrderSta__5629CD9C]"],"metadata":{"urn":"Server[@Name='DESKTOP-2UL7996']/Database[@Name='VinceSweetsDB']/Table[@Name='Orders' and @Schema='dbo']/Column[@Name='OrderStatus']/Default[@Name='DF__Orders__OrderSta__5629CD9C']","object_type":"Default"}},{"outputs":[],"execution_count":0,"cell_type":"code","source":["ALTER TABLE [dbo].[Orders] ADD  DEFAULT (N'Open') FOR [OrderStatus]\r\n","GO\r\n"],"metadata":{"urn":"Server[@Name='DESKTOP-2UL7996']/Database[@Name='VinceSweetsDB']/Table[@Name='Orders' and @Schema='dbo']/Column[@Name='OrderStatus']/Default[@Name='DF__Orders__OrderSta__5629CD9C']","object_type":"Default"}},{"cell_type":"markdown","source":["# [DF__Products__IsKitc__5070F446]"],"metadata":{"urn":"Server[@Name='DESKTOP-2UL7996']/Database[@Name='VinceSweetsDB']/Table[@Name='Products' and @Schema='dbo']/Column[@Name='IsKitchenItem']/Default[@Name='DF__Products__IsKitc__5070F446']","object_type":"Default"}},{"outputs":[],"execution_count":0,"cell_type":"code","source":["ALTER TABLE [dbo].[Products] ADD  DEFAULT (CONVERT([bit],(0))) FOR [IsKitchenItem]\r\n","GO\r\n"],"metadata":{"urn":"Server[@Name='DESKTOP-2UL7996']/Database[@Name='VinceSweetsDB']/Table[@Name='Products' and @Schema='dbo']/Column[@Name='IsKitchenItem']/Default[@Name='DF__Products__IsKitc__5070F446']","object_type":"Default"}},{"cell_type":"markdown","source":["# [DF__Restauran__Statu__4D94879B]"],"metadata":{"urn":"Server[@Name='DESKTOP-2UL7996']/Database[@Name='VinceSweetsDB']/Table[@Name='RestaurantTables' and @Schema='dbo']/Column[@Name='Status']/Default[@Name='DF__Restauran__Statu__4D94879B']","object_type":"Default"}},{"outputs":[],"execution_count":0,"cell_type":"code","source":["ALTER TABLE [dbo].[RestaurantTables] ADD  DEFAULT ((0)) FOR [Status]\r\n","GO\r\n"],"metadata":{"urn":"Server[@Name='DESKTOP-2UL7996']/Database[@Name='VinceSweetsDB']/Table[@Name='RestaurantTables' and @Schema='dbo']/Column[@Name='Status']/Default[@Name='DF__Restauran__Statu__4D94879B']","object_type":"Default"}},{"cell_type":"markdown","source":["# [FK__OrderDeta__Order__46E78A0C]"],"metadata":{"urn":"Server[@Name='DESKTOP-2UL7996']/Database[@Name='VinceSweetsDB']/Table[@Name='OrderDetails' and @Schema='dbo']/ForeignKey[@Name='FK__OrderDeta__Order__46E78A0C']","object_type":"ForeignKey"}},{"outputs":[],"execution_count":0,"cell_type":"code","source":["ALTER TABLE [dbo].[OrderDetails]  WITH CHECK ADD  CONSTRAINT [FK__OrderDeta__Order__46E78A0C] FOREIGN KEY([OrderId])\r\nREFERENCES [dbo].[Orders] ([Id])\r\nON DELETE CASCADE\r\n","GO\r\n","ALTER TABLE [dbo].[OrderDetails] CHECK CONSTRAINT [FK__OrderDeta__Order__46E78A0C]\r\n","GO\r\n"],"metadata":{"urn":"Server[@Name='DESKTOP-2UL7996']/Database[@Name='VinceSweetsDB']/Table[@Name='OrderDetails' and @Schema='dbo']/ForeignKey[@Name='FK__OrderDeta__Order__46E78A0C']","object_type":"ForeignKey"}},{"cell_type":"markdown","source":["# [FK__OrderDeta__Produ__47DBAE45]"],"metadata":{"urn":"Server[@Name='DESKTOP-2UL7996']/Database[@Name='VinceSweetsDB']/Table[@Name='OrderDetails' and @Schema='dbo']/ForeignKey[@Name='FK__OrderDeta__Produ__47DBAE45']","object_type":"ForeignKey"}},{"outputs":[],"execution_count":0,"cell_type":"code","source":["ALTER TABLE [dbo].[OrderDetails]  WITH CHECK ADD  CONSTRAINT [FK__OrderDeta__Produ__47DBAE45] FOREIGN KEY([ProductId])\r\nREFERENCES [dbo].[Products] ([Id])\r\n","GO\r\n","ALTER TABLE [dbo].[OrderDetails] CHECK CONSTRAINT [FK__OrderDeta__Produ__47DBAE45]\r\n","GO\r\n"],"metadata":{"urn":"Server[@Name='DESKTOP-2UL7996']/Database[@Name='VinceSweetsDB']/Table[@Name='OrderDetails' and @Schema='dbo']/ForeignKey[@Name='FK__OrderDeta__Produ__47DBAE45']","object_type":"ForeignKey"}},{"cell_type":"markdown","source":["# [FK__Orders__TableId__440B1D61]"],"metadata":{"urn":"Server[@Name='DESKTOP-2UL7996']/Database[@Name='VinceSweetsDB']/Table[@Name='Orders' and @Schema='dbo']/ForeignKey[@Name='FK__Orders__TableId__440B1D61']","object_type":"ForeignKey"}},{"outputs":[],"execution_count":0,"cell_type":"code","source":["ALTER TABLE [dbo].[Orders]  WITH CHECK ADD  CONSTRAINT [FK__Orders__TableId__440B1D61] FOREIGN KEY([TableId])\r\nREFERENCES [dbo].[RestaurantTables] ([Id])\r\n","GO\r\n","ALTER TABLE [dbo].[Orders] CHECK CONSTRAINT [FK__Orders__TableId__440B1D61]\r\n","GO\r\n"],"metadata":{"urn":"Server[@Name='DESKTOP-2UL7996']/Database[@Name='VinceSweetsDB']/Table[@Name='Orders' and @Schema='dbo']/ForeignKey[@Name='FK__Orders__TableId__440B1D61']","object_type":"ForeignKey"}},{"cell_type":"markdown","source":["# [FK__Products__Catego__3E52440B]"],"metadata":{"urn":"Server[@Name='DESKTOP-2UL7996']/Database[@Name='VinceSweetsDB']/Table[@Name='Products' and @Schema='dbo']/ForeignKey[@Name='FK__Products__Catego__3E52440B']","object_type":"ForeignKey"}},{"outputs":[],"execution_count":0,"cell_type":"code","source":["ALTER TABLE [dbo].[Products]  WITH CHECK ADD  CONSTRAINT [FK__Products__Catego__3E52440B] FOREIGN KEY([CategoryId])\r\nREFERENCES [dbo].[Categories] ([Id])\r\n","GO\r\n","ALTER TABLE [dbo].[Products] CHECK CONSTRAINT [FK__Products__Catego__3E52440B]\r\n","GO\r\n"],"metadata":{"urn":"Server[@Name='DESKTOP-2UL7996']/Database[@Name='VinceSweetsDB']/Table[@Name='Products' and @Schema='dbo']/ForeignKey[@Name='FK__Products__Catego__3E52440B']","object_type":"ForeignKey"}}]}